track_id,path,instrument
track_0151154,54/151154.mp3,piano
track_1142627,27/1142627.mp3,piano
track_1400502,02/1400502.mp3,piano
track_0491052,52/491052.mp3,piano
track_0944140,40/944140.mp3,piano
track_1378002,02/1378002.mp3,piano
track_0345904,04/345904.mp3,piano
track_0149489,89/149489.mp3,piano
track_1169725,25/1169725.mp3,piano
track_1374307,07/1374307.mp3,piano
track_1390998,98/1390998.mp3,piano
track_1357131,31/1357131.mp3,piano
track_1352257,57/1352257.mp3,piano
track_1082410,10/1082410.mp3,piano
track_1245136,36/1245136.mp3,piano
track_0478671,71/478671.mp3,piano
track_0752145,45/752145.mp3,piano
track_1195873,73/1195873.mp3,piano
track_0080768,68/80768.mp3,piano
track_0426748,48/426748.mp3,piano
track_0924961,61/924961.mp3,piano
track_1169733,33/1169733.mp3,piano
track_1374304,04/1374304.mp3,piano
track_0816194,94/816194.mp3,piano
track_1115564,64/1115564.mp3,piano
track_1232473,73/1232473.mp3,piano
track_1029510,10/1029510.mp3,piano
track_1095601,01/1095601.mp3,piano
track_0347540,40/347540.mp3,piano
track_0257176,76/257176.mp3,piano
track_0275246,46/275246.mp3,piano
track_0025222,22/25222.mp3,piano
track_1274154,54/1274154.mp3,piano
track_0272859,59/272859.mp3,piano
track_0078956,56/78956.mp3,piano
track_1275158,58/1275158.mp3,piano
track_1205055,55/1205055.mp3,piano
track_1241406,06/1241406.mp3,piano
track_1387655,55/1387655.mp3,piano
track_0136835,35/136835.mp3,piano
track_0149490,90/149490.mp3,piano
track_0460239,39/460239.mp3,piano
track_0275219,19/275219.mp3,piano
track_1287490,90/1287490.mp3,piano
track_0786781,81/786781.mp3,piano
track_0355482,82/355482.mp3,piano
track_1339327,27/1339327.mp3,piano
track_0537760,60/537760.mp3,piano
track_1420795,95/1420795.mp3,piano
track_1155158,58/1155158.mp3,piano
track_0151029,29/151029.mp3,piano
track_1043783,83/1043783.mp3,piano
track_0014018,18/14018.mp3,piano
track_0259894,94/259894.mp3,piano
track_1420796,96/1420796.mp3,piano
track_1254722,22/1254722.mp3,piano
track_0349964,64/349964.mp3,piano
track_0091820,20/91820.mp3,piano
track_0991748,48/991748.mp3,piano
track_0079746,46/79746.mp3,piano
track_0799923,23/799923.mp3,piano
track_1292338,38/1292338.mp3,piano
track_1349474,74/1349474.mp3,piano
track_0324619,19/324619.mp3,piano
track_1345286,86/1345286.mp3,piano
track_0033451,51/33451.mp3,piano
track_1349473,73/1349473.mp3,piano
track_1359960,60/1359960.mp3,piano
track_0352748,48/352748.mp3,piano
track_1154953,53/1154953.mp3,piano
track_1172394,94/1172394.mp3,piano
track_1126844,44/1126844.mp3,piano
track_0326493,93/326493.mp3,piano
track_0150793,93/150793.mp3,piano
track_0014020,20/14020.mp3,piano
track_0460238,38/460238.mp3,piano
track_1348160,60/1348160.mp3,piano
track_1270573,73/1270573.mp3,piano
track_0317249,49/317249.mp3,piano
track_0081805,05/81805.mp3,piano
track_1294751,51/1294751.mp3,piano
track_1331552,52/1331552.mp3,piano
track_1264979,79/1264979.mp3,piano
track_1356868,68/1356868.mp3,piano
track_1347850,50/1347850.mp3,piano
track_0743965,65/743965.mp3,piano
track_1018801,01/1018801.mp3,piano
track_1319531,31/1319531.mp3,piano
track_0997096,96/997096.mp3,piano
track_1405086,86/1405086.mp3,piano
track_0025223,23/25223.mp3,piano
track_0470757,57/470757.mp3,piano
track_0114765,65/114765.mp3,piano
track_1277854,54/1277854.mp3,piano
track_0006732,32/6732.mp3,piano
track_1375497,97/1375497.mp3,piano
track_1300328,28/1300328.mp3,piano
track_0188267,67/188267.mp3,piano
track_1370381,81/1370381.mp3,piano
track_0944146,46/944146.mp3,piano
track_0858541,41/858541.mp3,piano
track_0919994,94/919994.mp3,piano
track_0662422,22/662422.mp3,piano
track_0080781,81/80781.mp3,piano
track_1355271,71/1355271.mp3,piano
track_0080792,92/80792.mp3,piano
track_0168951,51/168951.mp3,piano
track_0856721,21/856721.mp3,piano
track_1182882,82/1182882.mp3,piano
track_1232052,52/1232052.mp3,piano
track_1216156,56/1216156.mp3,piano
track_0675836,36/675836.mp3,piano
track_0116618,18/116618.mp3,piano
track_0464040,40/464040.mp3,piano
track_1288117,17/1288117.mp3,piano
track_0976128,28/976128.mp3,piano
track_0034857,57/34857.mp3,piano
track_1230993,93/1230993.mp3,piano
track_1292130,30/1292130.mp3,piano
track_0037815,15/37815.mp3,piano
track_0138323,23/138323.mp3,piano
track_0373203,03/373203.mp3,piano
track_1039836,36/1039836.mp3,piano
track_1319787,87/1319787.mp3,piano
track_1189954,54/1189954.mp3,piano
track_0259936,36/259936.mp3,piano
track_1206732,32/1206732.mp3,piano
track_1225156,56/1225156.mp3,piano
track_0259847,47/259847.mp3,piano
track_1103451,51/1103451.mp3,piano
track_0324618,18/324618.mp3,piano
track_0080772,72/80772.mp3,piano
track_0398188,88/398188.mp3,piano
track_0326518,18/326518.mp3,piano
track_1394316,16/1394316.mp3,piano
track_0398182,82/398182.mp3,piano
track_1103449,49/1103449.mp3,piano
track_0089326,26/89326.mp3,piano
track_0081814,14/81814.mp3,piano
track_0966862,62/966862.mp3,piano
track_0114773,73/114773.mp3,piano
track_0967233,33/967233.mp3,piano
track_1391026,26/1391026.mp3,piano
track_1028901,01/1028901.mp3,piano
track_0080802,02/80802.mp3,piano
track_0989713,13/989713.mp3,piano
track_0792446,46/792446.mp3,piano
track_0350362,62/350362.mp3,piano
track_0150965,65/150965.mp3,piano
track_1337503,03/1337503.mp3,piano
track_0000382,82/382.mp3,voice
track_0000383,83/383.mp3,voice
track_0000384,84/384.mp3,voice
track_0000386,86/386.mp3,voice
track_0000387,87/387.mp3,voice
track_0000388,88/388.mp3,voice
track_0000389,89/389.mp3,voice
track_0000390,90/390.mp3,voice
track_0000391,91/391.mp3,voice
track_0000392,92/392.mp3,voice
track_0000393,93/393.mp3,voice
track_0000394,94/394.mp3,voice
track_0000395,95/395.mp3,voice
track_0017955,55/17955.mp3,bass
track_0017959,59/17959.mp3,bass
track_0022183,83/22183.mp3,electricguitar
track_0040620,20/40620.mp3,voice
track_0072830,30/72830.mp3,voice
track_0072831,31/72831.mp3,voice
track_0072832,32/72832.mp3,voice
track_0072833,33/72833.mp3,voice
track_0072834,34/72834.mp3,voice
track_0072835,35/72835.mp3,voice
track_0072836,36/72836.mp3,voice
track_0072837,37/72837.mp3,voice
track_0072838,38/72838.mp3,voice
track_0072839,39/72839.mp3,voice
track_0072840,40/72840.mp3,voice
track_0072841,41/72841.mp3,voice
track_0076656,56/76656.mp3,voice
track_0077441,41/77441.mp3,drums
track_0077442,42/77442.mp3,drums
track_0077443,43/77443.mp3,drums
track_0077444,44/77444.mp3,drums
track_0077445,45/77445.mp3,drums
track_0080975,75/80975.mp3,bass
track_0080978,78/80978.mp3,bass
track_0080979,79/80979.mp3,bass
track_0080980,80/80980.mp3,bass
track_0080981,81/80981.mp3,bass
track_0080982,82/80982.mp3,bass
track_0080983,83/80983.mp3,bass
track_0080985,85/80985.mp3,bass
track_0111584,84/111584.mp3,drums
track_0126985,85/126985.mp3,electricguitar
track_0155328,28/155328.mp3,acousticguitar
track_0159038,38/159038.mp3,bass
track_0162856,56/162856.mp3,electricguitar
track_0166577,77/166577.mp3,acousticguitar
track_0166585,85/166585.mp3,acousticguitar
track_0166591,91/166591.mp3,acousticguitar
track_0166604,04/166604.mp3,acousticguitar
track_0166607,07/166607.mp3,acousticguitar
track_0166613,13/166613.mp3,acousticguitar
track_0171074,74/171074.mp3,electricguitar
track_0172326,26/172326.mp3,acousticguitar
track_0178482,82/178482.mp3,bass
track_0200050,50/200050.mp3,voice
track_0220600,00/220600.mp3,bass
track_0243697,97/243697.mp3,voice
track_0243702,02/243702.mp3,voice
track_0243721,21/243721.mp3,voice
track_0243736,36/243736.mp3,voice
track_0243742,42/243742.mp3,voice
track_0243758,58/243758.mp3,voice
track_0243794,94/243794.mp3,voice
track_0243802,02/243802.mp3,voice
track_0243809,09/243809.mp3,voice
track_0243824,24/243824.mp3,voice
track_0243835,35/243835.mp3,voice
track_0243839,39/243839.mp3,voice
track_0243849,49/243849.mp3,voice
track_0243856,56/243856.mp3,voice
track_0251026,26/251026.mp3,bass
track_0260302,02/260302.mp3,drums
track_0277778,78/277778.mp3,acousticguitar
track_0277785,85/277785.mp3,acousticguitar
track_0277804,04/277804.mp3,acousticguitar
track_0277806,06/277806.mp3,acousticguitar
track_0277816,16/277816.mp3,acousticguitar
track_0277846,46/277846.mp3,acousticguitar
track_0295925,25/295925.mp3,drums
track_0304768,68/304768.mp3,electricguitar
track_0317134,34/317134.mp3,acousticguitar
track_0319824,24/319824.mp3,acousticguitar
track_0325365,65/325365.mp3,acousticguitar
track_0325368,68/325368.mp3,acousticguitar
track_0325369,69/325369.mp3,acousticguitar
track_0325374,74/325374.mp3,acousticguitar
track_0325391,91/325391.mp3,acousticguitar
track_0325393,93/325393.mp3,acousticguitar
track_0340016,16/340016.mp3,voice
track_0350988,88/350988.mp3,drums
track_0361979,79/361979.mp3,acousticguitar
track_0361987,87/361987.mp3,acousticguitar
track_0361988,88/361988.mp3,acousticguitar
track_0361989,89/361989.mp3,acousticguitar
track_0361990,90/361990.mp3,acousticguitar
track_0361993,93/361993.mp3,acousticguitar
track_0361994,94/361994.mp3,acousticguitar
track_0364840,40/364840.mp3,bass
track_0367816,16/367816.mp3,acousticguitar
track_0376419,19/376419.mp3,acousticguitar
track_0384148,48/384148.mp3,drums
track_0387422,22/387422.mp3,bass
track_0387501,01/387501.mp3,electricguitar
track_0387511,11/387511.mp3,electricguitar
track_0387516,16/387516.mp3,electricguitar
track_0387598,98/387598.mp3,acousticguitar
track_0398613,13/398613.mp3,bass
track_0398853,53/398853.mp3,bass
track_0417580,80/417580.mp3,acousticguitar
track_0417581,81/417581.mp3,acousticguitar
track_0417585,85/417585.mp3,acousticguitar
track_0417626,26/417626.mp3,acousticguitar
track_0418719,19/418719.mp3,electricguitar
track_0426751,51/426751.mp3,drums
track_0434767,67/434767.mp3,electricguitar
track_0461013,13/461013.mp3,electricguitar
track_0461015,15/461015.mp3,electricguitar
track_0461017,17/461017.mp3,electricguitar
track_0461018,18/461018.mp3,electricguitar
track_0461021,21/461021.mp3,electricguitar
track_0476786,86/476786.mp3,electricguitar
track_0476802,02/476802.mp3,electricguitar
track_0476810,10/476810.mp3,electricguitar
track_0480312,12/480312.mp3,drums
track_0482266,66/482266.mp3,acousticguitar
track_0482273,73/482273.mp3,electricguitar
track_0493957,57/493957.mp3,electricguitar
track_0501437,37/501437.mp3,acousticguitar
track_0504078,78/504078.mp3,electricguitar
track_0521030,30/521030.mp3,bass
track_0537851,51/537851.mp3,electricguitar
track_0542360,60/542360.mp3,electricguitar
track_0558566,66/558566.mp3,acousticguitar
track_0558568,68/558568.mp3,acousticguitar
track_0575456,56/575456.mp3,acousticguitar
track_0575468,68/575468.mp3,acousticguitar
track_0577325,25/577325.mp3,electricguitar
track_0582656,56/582656.mp3,electricguitar
track_0582667,67/582667.mp3,bass
track_0584804,04/584804.mp3,drums
track_0597317,17/597317.mp3,bass
track_0615068,68/615068.mp3,electricguitar
track_0622393,93/622393.mp3,electricguitar
track_0622396,96/622396.mp3,electricguitar
track_0622769,69/622769.mp3,electricguitar
track_0669141,41/669141.mp3,acousticguitar
track_0669142,42/669142.mp3,acousticguitar
track_0679753,53/679753.mp3,electricguitar
track_0679785,85/679785.mp3,electricguitar
track_0679787,87/679787.mp3,electricguitar
track_0679791,91/679791.mp3,electricguitar
track_0682398,98/682398.mp3,drums
track_0704689,89/704689.mp3,acousticguitar
track_0704691,91/704691.mp3,acousticguitar
track_0718501,01/718501.mp3,electricguitar
track_0718504,04/718504.mp3,electricguitar
track_0718508,08/718508.mp3,electricguitar
track_0718510,10/718510.mp3,electricguitar
track_0718512,12/718512.mp3,electricguitar
track_0721200,00/721200.mp3,drums
track_0725213,13/725213.mp3,electricguitar
track_0728919,19/728919.mp3,bass
track_0752575,75/752575.mp3,bass
track_0765174,74/765174.mp3,electricguitar
track_0768469,69/768469.mp3,electricguitar
track_0768489,89/768489.mp3,electricguitar
track_0768504,04/768504.mp3,drums
track_0768512,12/768512.mp3,drums
track_0785607,07/785607.mp3,electricguitar
track_0785653,53/785653.mp3,drums
track_0795410,10/795410.mp3,electricguitar
track_0795725,25/795725.mp3,drums
track_0797631,31/797631.mp3,acousticguitar
track_0801678,78/801678.mp3,acousticguitar
track_0802415,15/802415.mp3,electricguitar
track_0802417,17/802417.mp3,electricguitar
track_0802421,21/802421.mp3,electricguitar
track_0811641,41/811641.mp3,electricguitar
track_0811694,94/811694.mp3,electricguitar
track_0811724,24/811724.mp3,electricguitar
track_0811725,25/811725.mp3,electricguitar
track_0811729,29/811729.mp3,electricguitar
track_0835794,94/835794.mp3,acousticguitar
track_0835814,14/835814.mp3,acousticguitar
track_0835856,56/835856.mp3,acousticguitar
track_0835929,29/835929.mp3,acousticguitar
track_0835996,96/835996.mp3,acousticguitar
track_0836024,24/836024.mp3,acousticguitar
track_0855265,65/855265.mp3,bass
track_0855266,66/855266.mp3,bass
track_0855267,67/855267.mp3,bass
track_0855268,68/855268.mp3,bass
track_0855269,69/855269.mp3,bass
track_0855270,70/855270.mp3,bass
track_0855271,71/855271.mp3,bass
track_0855272,72/855272.mp3,bass
track_0855273,73/855273.mp3,bass
track_0855274,74/855274.mp3,bass
track_0855275,75/855275.mp3,bass
track_0855359,59/855359.mp3,bass
track_0855408,08/855408.mp3,bass
track_0857493,93/857493.mp3,acousticguitar
track_0866138,38/866138.mp3,electricguitar
track_0868277,77/868277.mp3,drums
track_0875036,36/875036.mp3,bass
track_0875081,81/875081.mp3,electricguitar
track_0875082,82/875082.mp3,electricguitar
track_0875083,83/875083.mp3,electricguitar
track_0875084,84/875084.mp3,electricguitar
track_0875085,85/875085.mp3,electricguitar
track_0875086,86/875086.mp3,electricguitar
track_0875087,87/875087.mp3,electricguitar
track_0875088,88/875088.mp3,electricguitar
track_0878744,44/878744.mp3,electricguitar
track_0890578,78/890578.mp3,acousticguitar
track_0890974,74/890974.mp3,acousticguitar
track_0890975,75/890975.mp3,acousticguitar
track_0890978,78/890978.mp3,acousticguitar
track_0890979,79/890979.mp3,acousticguitar
track_0891038,38/891038.mp3,acousticguitar
track_0891053,53/891053.mp3,acousticguitar
track_0896526,26/896526.mp3,acousticguitar
track_0896527,27/896527.mp3,acousticguitar
track_0896528,28/896528.mp3,acousticguitar
track_0896529,29/896529.mp3,acousticguitar
track_0896530,30/896530.mp3,acousticguitar
track_0900237,37/900237.mp3,drums
track_0901224,24/901224.mp3,electricguitar
track_0902228,28/902228.mp3,acousticguitar
track_0905012,12/905012.mp3,electricguitar
track_0914774,74/914774.mp3,acousticguitar
track_0919356,56/919356.mp3,bass
track_0920344,44/920344.mp3,electricguitar
track_0922859,59/922859.mp3,bass
track_0924964,64/924964.mp3,bass
track_0934871,71/934871.mp3,bass
track_0939272,72/939272.mp3,voice
track_0939273,73/939273.mp3,voice
track_0939274,74/939274.mp3,voice
track_0939275,75/939275.mp3,voice
track_0939276,76/939276.mp3,voice
track_0943828,28/943828.mp3,electricguitar
track_0951879,79/951879.mp3,voice
track_0951886,86/951886.mp3,voice
track_0951887,87/951887.mp3,voice
track_0951890,90/951890.mp3,voice
track_0955793,93/955793.mp3,electricguitar
track_0955799,99/955799.mp3,electricguitar
track_0956029,29/956029.mp3,electricguitar
track_0956030,30/956030.mp3,electricguitar
track_0957450,50/957450.mp3,electricguitar
track_0957452,52/957452.mp3,acousticguitar
track_0957453,53/957453.mp3,electricguitar
track_0957462,62/957462.mp3,acousticguitar
track_0967230,30/967230.mp3,drums
track_0967235,35/967235.mp3,drums
track_0967241,41/967241.mp3,drums
track_0969701,01/969701.mp3,electricguitar
track_0969703,03/969703.mp3,electricguitar
track_0973245,45/973245.mp3,electricguitar
track_0973253,53/973253.mp3,electricguitar
track_0981458,58/981458.mp3,electricguitar
track_0981459,59/981459.mp3,electricguitar
track_0981460,60/981460.mp3,electricguitar
track_0981461,61/981461.mp3,electricguitar
track_0981463,63/981463.mp3,electricguitar
track_0984653,53/984653.mp3,electricguitar
track_0984997,97/984997.mp3,drums
track_0987275,75/987275.mp3,electricguitar
track_0989068,68/989068.mp3,electricguitar
track_0992499,99/992499.mp3,electricguitar
track_0992500,00/992500.mp3,electricguitar
track_0993550,50/993550.mp3,electricguitar
track_0993560,60/993560.mp3,electricguitar
track_0996960,60/996960.mp3,bass
track_0997667,67/997667.mp3,electricguitar
track_0998692,92/998692.mp3,electricguitar
track_1004129,29/1004129.mp3,voice
track_1010821,21/1010821.mp3,electricguitar
track_1012345,45/1012345.mp3,acousticguitar
track_1016180,80/1016180.mp3,drums
track_1016182,82/1016182.mp3,electricguitar
track_1016734,34/1016734.mp3,acousticguitar
track_1023137,37/1023137.mp3,electricguitar
track_1023138,38/1023138.mp3,electricguitar
track_1023139,39/1023139.mp3,electricguitar
track_1027910,10/1027910.mp3,electricguitar
track_1027924,24/1027924.mp3,drums
track_1027987,87/1027987.mp3,electricguitar
track_1028887,87/1028887.mp3,acousticguitar
track_1029512,12/1029512.mp3,voice
track_1029542,42/1029542.mp3,acousticguitar
track_1029551,51/1029551.mp3,acousticguitar
track_1030386,86/1030386.mp3,acousticguitar
track_1031106,06/1031106.mp3,bass
track_1031108,08/1031108.mp3,bass
track_1031109,09/1031109.mp3,bass
track_1032839,39/1032839.mp3,electricguitar
track_1032840,40/1032840.mp3,electricguitar
track_1032841,41/1032841.mp3,electricguitar
track_1032843,43/1032843.mp3,electricguitar
track_1033164,64/1033164.mp3,bass
track_1035010,10/1035010.mp3,acousticguitar
track_1036078,78/1036078.mp3,bass
track_1036080,80/1036080.mp3,bass
track_1036081,81/1036081.mp3,bass
track_1036082,82/1036082.mp3,bass
track_1039516,16/1039516.mp3,bass
track_1039523,23/1039523.mp3,acousticguitar
track_1041555,55/1041555.mp3,acousticguitar
track_1041557,57/1041557.mp3,acousticguitar
track_1041559,59/1041559.mp3,acousticguitar
track_1041675,75/1041675.mp3,electricguitar
track_1041676,76/1041676.mp3,acousticguitar
track_1048083,83/1048083.mp3,drums
track_1051948,48/1051948.mp3,electricguitar
track_1051949,49/1051949.mp3,electricguitar
track_1051950,50/1051950.mp3,electricguitar
track_1051951,51/1051951.mp3,electricguitar
track_1051952,52/1051952.mp3,electricguitar
track_1051953,53/1051953.mp3,electricguitar
track_1051954,54/1051954.mp3,electricguitar
track_1051955,55/1051955.mp3,electricguitar
track_1052558,58/1052558.mp3,acousticguitar
track_1052624,24/1052624.mp3,acousticguitar
track_1052625,25/1052625.mp3,acousticguitar
track_1052626,26/1052626.mp3,acousticguitar
track_1052627,27/1052627.mp3,acousticguitar
track_1052628,28/1052628.mp3,acousticguitar
track_1052629,29/1052629.mp3,acousticguitar
track_1052630,30/1052630.mp3,acousticguitar
track_1052631,31/1052631.mp3,acousticguitar
track_1052632,32/1052632.mp3,acousticguitar
track_1052633,33/1052633.mp3,acousticguitar
track_1052658,58/1052658.mp3,drums
track_1054098,98/1054098.mp3,voice
track_1054099,99/1054099.mp3,voice
track_1054100,00/1054100.mp3,voice
track_1054102,02/1054102.mp3,voice
track_1054103,03/1054103.mp3,voice
track_1054104,04/1054104.mp3,voice
track_1054105,05/1054105.mp3,voice
track_1054106,06/1054106.mp3,voice
track_1054107,07/1054107.mp3,voice
track_1054108,08/1054108.mp3,voice
track_1054109,09/1054109.mp3,voice
track_1056125,25/1056125.mp3,bass
track_1056126,26/1056126.mp3,bass
track_1056127,27/1056127.mp3,bass
track_1056128,28/1056128.mp3,bass
track_1057762,62/1057762.mp3,acousticguitar
track_1057764,64/1057764.mp3,acousticguitar
track_1057765,65/1057765.mp3,acousticguitar
track_1057766,66/1057766.mp3,acousticguitar
track_1057767,67/1057767.mp3,acousticguitar
track_1058134,34/1058134.mp3,drums
track_1058920,20/1058920.mp3,acousticguitar
track_1058921,21/1058921.mp3,acousticguitar
track_1058927,27/1058927.mp3,acousticguitar
track_1058945,45/1058945.mp3,acousticguitar
track_1061377,77/1061377.mp3,acousticguitar
track_1062232,32/1062232.mp3,bass
track_1063871,71/1063871.mp3,acousticguitar
track_1065336,36/1065336.mp3,electricguitar
track_1071631,31/1071631.mp3,electricguitar
track_1072916,16/1072916.mp3,bass
track_1077278,78/1077278.mp3,acousticguitar
track_1077908,08/1077908.mp3,electricguitar
track_1077912,12/1077912.mp3,electricguitar
track_1078614,14/1078614.mp3,electricguitar
track_1078827,27/1078827.mp3,electricguitar
track_1079190,90/1079190.mp3,electricguitar
track_1080394,94/1080394.mp3,drums
track_1080398,98/1080398.mp3,drums
track_1080502,02/1080502.mp3,acousticguitar
track_1080900,00/1080900.mp3,electricguitar
track_1081334,34/1081334.mp3,acousticguitar
track_1081335,35/1081335.mp3,acousticguitar
track_1081336,36/1081336.mp3,acousticguitar
track_1081337,37/1081337.mp3,acousticguitar
track_1081338,38/1081338.mp3,acousticguitar
track_1081339,39/1081339.mp3,acousticguitar
track_1081340,40/1081340.mp3,acousticguitar
track_1082696,96/1082696.mp3,voice
track_1085692,92/1085692.mp3,electricguitar
track_1085878,78/1085878.mp3,electricguitar
track_1086300,00/1086300.mp3,acousticguitar
track_1086514,14/1086514.mp3,electricguitar
track_1087090,90/1087090.mp3,electricguitar
track_1089972,72/1089972.mp3,electricguitar
track_1094793,93/1094793.mp3,acousticguitar
track_1095480,80/1095480.mp3,electricguitar
track_1095717,17/1095717.mp3,acousticguitar
track_1095730,30/1095730.mp3,acousticguitar
track_1095755,55/1095755.mp3,acousticguitar
track_1095757,57/1095757.mp3,electricguitar
track_1096138,38/1096138.mp3,acousticguitar
track_1096308,08/1096308.mp3,acousticguitar
track_1096919,19/1096919.mp3,electricguitar
track_1096928,28/1096928.mp3,electricguitar
track_1098161,61/1098161.mp3,drums
track_1098416,16/1098416.mp3,acousticguitar
track_1100189,89/1100189.mp3,drums
track_1100194,94/1100194.mp3,drums
track_1105199,99/1105199.mp3,acousticguitar
track_1107730,30/1107730.mp3,electricguitar
track_1108662,62/1108662.mp3,electricguitar
track_1109323,23/1109323.mp3,acousticguitar
track_1112034,34/1112034.mp3,acousticguitar
track_1113085,85/1113085.mp3,electricguitar
track_1114535,35/1114535.mp3,electricguitar
track_1115349,49/1115349.mp3,acousticguitar
track_1117434,34/1117434.mp3,acousticguitar
track_1117435,35/1117435.mp3,acousticguitar
track_1117436,36/1117436.mp3,acousticguitar
track_1117437,37/1117437.mp3,acousticguitar
track_1117438,38/1117438.mp3,acousticguitar
track_1117440,40/1117440.mp3,acousticguitar
track_1117441,41/1117441.mp3,acousticguitar
track_1117442,42/1117442.mp3,acousticguitar
track_1117443,43/1117443.mp3,acousticguitar
track_1117444,44/1117444.mp3,acousticguitar
track_1117445,45/1117445.mp3,acousticguitar
track_1117446,46/1117446.mp3,acousticguitar
track_1117447,47/1117447.mp3,acousticguitar
track_1117540,40/1117540.mp3,acousticguitar
track_1117577,77/1117577.mp3,electricguitar
track_1118540,40/1118540.mp3,electricguitar
track_1118541,41/1118541.mp3,electricguitar
track_1118542,42/1118542.mp3,electricguitar
track_1118543,43/1118543.mp3,electricguitar
track_1118544,44/1118544.mp3,electricguitar
track_1118576,76/1118576.mp3,electricguitar
track_1119469,69/1119469.mp3,voice
track_1119470,70/1119470.mp3,voice
track_1119471,71/1119471.mp3,voice
track_1119472,72/1119472.mp3,voice
track_1119473,73/1119473.mp3,voice
track_1119474,74/1119474.mp3,voice
track_1119475,75/1119475.mp3,voice
track_1119476,76/1119476.mp3,voice
track_1119477,77/1119477.mp3,voice
track_1119516,16/1119516.mp3,voice
track_1119517,17/1119517.mp3,voice
track_1119518,18/1119518.mp3,voice
track_1119519,19/1119519.mp3,voice
track_1119520,20/1119520.mp3,voice
track_1119590,90/1119590.mp3,electricguitar
track_1119592,92/1119592.mp3,acousticguitar
track_1119594,94/1119594.mp3,acousticguitar
track_1119596,96/1119596.mp3,acousticguitar
track_1119922,22/1119922.mp3,electricguitar
track_1120471,71/1120471.mp3,bass
track_1121532,32/1121532.mp3,acousticguitar
track_1121554,54/1121554.mp3,acousticguitar
track_1121556,56/1121556.mp3,electricguitar
track_1121558,58/1121558.mp3,electricguitar
track_1121565,65/1121565.mp3,electricguitar
track_1121568,68/1121568.mp3,acousticguitar
track_1121886,86/1121886.mp3,drums
track_1121896,96/1121896.mp3,drums
track_1123033,33/1123033.mp3,electricguitar
track_1123854,54/1123854.mp3,drums
track_1124167,67/1124167.mp3,acousticguitar
track_1124169,69/1124169.mp3,acousticguitar
track_1124968,68/1124968.mp3,bass
track_1124969,69/1124969.mp3,bass
track_1124970,70/1124970.mp3,drums
track_1124971,71/1124971.mp3,bass
track_1124972,72/1124972.mp3,bass
track_1125365,65/1125365.mp3,acousticguitar
track_1125367,67/1125367.mp3,acousticguitar
track_1125368,68/1125368.mp3,acousticguitar
track_1125375,75/1125375.mp3,acousticguitar
track_1125387,87/1125387.mp3,acousticguitar
track_1125389,89/1125389.mp3,acousticguitar
track_1125391,91/1125391.mp3,acousticguitar
track_1125425,25/1125425.mp3,acousticguitar
track_1125443,43/1125443.mp3,acousticguitar
track_1125444,44/1125444.mp3,acousticguitar
track_1125617,17/1125617.mp3,acousticguitar
track_1125618,18/1125618.mp3,acousticguitar
track_1125622,22/1125622.mp3,acousticguitar
track_1125647,47/1125647.mp3,acousticguitar
track_1125660,60/1125660.mp3,acousticguitar
track_1125663,63/1125663.mp3,acousticguitar
track_1125666,66/1125666.mp3,acousticguitar
track_1125667,67/1125667.mp3,acousticguitar
track_1125669,69/1125669.mp3,acousticguitar
track_1125730,30/1125730.mp3,acousticguitar
track_1125731,31/1125731.mp3,acousticguitar
track_1125745,45/1125745.mp3,acousticguitar
track_1125746,46/1125746.mp3,acousticguitar
track_1126064,64/1126064.mp3,electricguitar
track_1128825,25/1128825.mp3,bass
track_1128828,28/1128828.mp3,acousticguitar
track_1129031,31/1129031.mp3,acousticguitar
track_1131291,91/1131291.mp3,voice
track_1131292,92/1131292.mp3,voice
track_1131293,93/1131293.mp3,voice
track_1131294,94/1131294.mp3,voice
track_1132448,48/1132448.mp3,electricguitar
track_1132449,49/1132449.mp3,bass
track_1132451,51/1132451.mp3,electricguitar
track_1132453,53/1132453.mp3,bass
track_1133339,39/1133339.mp3,bass
track_1133341,41/1133341.mp3,bass
track_1133342,42/1133342.mp3,bass
track_1133343,43/1133343.mp3,bass
track_1133344,44/1133344.mp3,bass
track_1133345,45/1133345.mp3,bass
track_1133346,46/1133346.mp3,bass
track_1133347,47/1133347.mp3,bass
track_1133348,48/1133348.mp3,bass
track_1133349,49/1133349.mp3,bass
track_1133350,50/1133350.mp3,bass
track_1134460,60/1134460.mp3,electricguitar
track_1134461,61/1134461.mp3,acousticguitar
track_1134465,65/1134465.mp3,acousticguitar
track_1134466,66/1134466.mp3,acousticguitar
track_1134467,67/1134467.mp3,electricguitar
track_1135807,07/1135807.mp3,electricguitar
track_1135811,11/1135811.mp3,electricguitar
track_1135916,16/1135916.mp3,acousticguitar
track_1143805,05/1143805.mp3,voice
track_1143806,06/1143806.mp3,voice
track_1143808,08/1143808.mp3,acousticguitar
track_1143811,11/1143811.mp3,electricguitar
track_1143816,16/1143816.mp3,electricguitar
track_1143857,57/1143857.mp3,electricguitar
track_1143858,58/1143858.mp3,electricguitar
track_1143977,77/1143977.mp3,acousticguitar
track_1144143,43/1144143.mp3,drums
track_1144450,50/1144450.mp3,bass
track_1144451,51/1144451.mp3,bass
track_1144454,54/1144454.mp3,bass
track_1146530,30/1146530.mp3,acousticguitar
track_1149313,13/1149313.mp3,electricguitar
track_1150509,09/1150509.mp3,bass
track_1150899,99/1150899.mp3,electricguitar
track_1155891,91/1155891.mp3,acousticguitar
track_1155991,91/1155991.mp3,bass
track_1155992,92/1155992.mp3,bass
track_1155993,93/1155993.mp3,bass
track_1155994,94/1155994.mp3,bass
track_1155995,95/1155995.mp3,bass
track_1155998,98/1155998.mp3,bass
track_1156007,07/1156007.mp3,bass
track_1156008,08/1156008.mp3,bass
track_1156009,09/1156009.mp3,bass
track_1156010,10/1156010.mp3,bass
track_1156011,11/1156011.mp3,bass
track_1156012,12/1156012.mp3,bass
track_1156013,13/1156013.mp3,bass
track_1156014,14/1156014.mp3,bass
track_1156015,15/1156015.mp3,bass
track_1156016,16/1156016.mp3,bass
track_1156017,17/1156017.mp3,bass
track_1156020,20/1156020.mp3,bass
track_1156021,21/1156021.mp3,bass
track_1156022,22/1156022.mp3,bass
track_1156023,23/1156023.mp3,bass
track_1157701,01/1157701.mp3,acousticguitar
track_1158260,60/1158260.mp3,drums
track_1158501,01/1158501.mp3,voice
track_1159658,58/1159658.mp3,voice
track_1159698,98/1159698.mp3,voice
track_1159740,40/1159740.mp3,voice
track_1159861,61/1159861.mp3,voice
track_1159952,52/1159952.mp3,voice
track_1161063,63/1161063.mp3,bass
track_1161202,02/1161202.mp3,drums
track_1162097,97/1162097.mp3,electricguitar
track_1162950,50/1162950.mp3,acousticguitar
track_1163962,62/1163962.mp3,acousticguitar
track_1163963,63/1163963.mp3,acousticguitar
track_1163964,64/1163964.mp3,acousticguitar
track_1163965,65/1163965.mp3,acousticguitar
track_1163967,67/1163967.mp3,acousticguitar
track_1163968,68/1163968.mp3,acousticguitar
track_1163969,69/1163969.mp3,acousticguitar
track_1163970,70/1163970.mp3,acousticguitar
track_1163971,71/1163971.mp3,acousticguitar
track_1164047,47/1164047.mp3,acousticguitar
track_1164636,36/1164636.mp3,electricguitar
track_1166609,09/1166609.mp3,drums
track_1166807,07/1166807.mp3,bass
track_1166929,29/1166929.mp3,acousticguitar
track_1167863,63/1167863.mp3,electricguitar
track_1167864,64/1167864.mp3,bass
track_1167867,67/1167867.mp3,electricguitar
track_1168388,88/1168388.mp3,electricguitar
track_1168782,82/1168782.mp3,electricguitar
track_1169151,51/1169151.mp3,electricguitar
track_1171016,16/1171016.mp3,electricguitar
track_1171912,12/1171912.mp3,electricguitar
track_1172866,66/1172866.mp3,electricguitar
track_1172868,68/1172868.mp3,electricguitar
track_1173740,40/1173740.mp3,bass
track_1173871,71/1173871.mp3,drums
track_1174123,23/1174123.mp3,drums
track_1177439,39/1177439.mp3,bass
track_1177896,96/1177896.mp3,electricguitar
track_1180362,62/1180362.mp3,drums
track_1180945,45/1180945.mp3,drums
track_1180946,46/1180946.mp3,drums
track_1180947,47/1180947.mp3,drums
track_1180949,49/1180949.mp3,drums
track_1188198,98/1188198.mp3,bass
track_1188977,77/1188977.mp3,electricguitar
track_1188988,88/1188988.mp3,electricguitar
track_1189092,92/1189092.mp3,electricguitar
track_1189102,02/1189102.mp3,electricguitar
track_1189670,70/1189670.mp3,bass
track_1189672,72/1189672.mp3,bass
track_1189999,99/1189999.mp3,drums
track_1194911,11/1194911.mp3,drums
track_1195124,24/1195124.mp3,bass
track_1195780,80/1195780.mp3,bass
track_1195794,94/1195794.mp3,bass
track_1195798,98/1195798.mp3,drums
track_1195799,99/1195799.mp3,bass
track_1197061,61/1197061.mp3,acousticguitar
track_1197079,79/1197079.mp3,acousticguitar
track_1197084,84/1197084.mp3,acousticguitar
track_1197088,88/1197088.mp3,acousticguitar
track_1197089,89/1197089.mp3,acousticguitar
track_1197092,92/1197092.mp3,acousticguitar
track_1197103,03/1197103.mp3,acousticguitar
track_1197329,29/1197329.mp3,electricguitar
track_1197330,30/1197330.mp3,electricguitar
track_1197331,31/1197331.mp3,electricguitar
track_1197332,32/1197332.mp3,electricguitar
track_1197333,33/1197333.mp3,electricguitar
track_1197340,40/1197340.mp3,electricguitar
track_1197341,41/1197341.mp3,electricguitar
track_1197343,43/1197343.mp3,electricguitar
track_1198189,89/1198189.mp3,electricguitar
track_1198192,92/1198192.mp3,acousticguitar
track_1198577,77/1198577.mp3,bass
track_1198667,67/1198667.mp3,acousticguitar
track_1198669,69/1198669.mp3,acousticguitar
track_1202100,00/1202100.mp3,acousticguitar
track_1202102,02/1202102.mp3,acousticguitar
track_1204591,91/1204591.mp3,acousticguitar
track_1205051,51/1205051.mp3,bass
track_1205771,71/1205771.mp3,acousticguitar
track_1205787,87/1205787.mp3,bass
track_1205830,30/1205830.mp3,acousticguitar
track_1207997,97/1207997.mp3,electricguitar
track_1208037,37/1208037.mp3,electricguitar
track_1208043,43/1208043.mp3,electricguitar
track_1208440,40/1208440.mp3,bass
track_1209480,80/1209480.mp3,drums
track_1210874,74/1210874.mp3,acousticguitar
track_1210925,25/1210925.mp3,voice
track_1211803,03/1211803.mp3,drums
track_1216148,48/1216148.mp3,electricguitar
track_1216213,13/1216213.mp3,drums
track_1219473,73/1219473.mp3,acousticguitar
track_1219560,60/1219560.mp3,electricguitar
track_1219701,01/1219701.mp3,bass
track_1219943,43/1219943.mp3,bass
track_1220580,80/1220580.mp3,electricguitar
track_1221586,86/1221586.mp3,acousticguitar
track_1221848,48/1221848.mp3,electricguitar
track_1221849,49/1221849.mp3,electricguitar
track_1221855,55/1221855.mp3,acousticguitar
track_1222345,45/1222345.mp3,acousticguitar
track_1222347,47/1222347.mp3,acousticguitar
track_1222779,79/1222779.mp3,acousticguitar
track_1222780,80/1222780.mp3,acousticguitar
track_1222843,43/1222843.mp3,acousticguitar
track_1222860,60/1222860.mp3,acousticguitar
track_1222864,64/1222864.mp3,acousticguitar
track_1222901,01/1222901.mp3,electricguitar
track_1222955,55/1222955.mp3,drums
track_1223077,77/1223077.mp3,acousticguitar
track_1223080,80/1223080.mp3,acousticguitar
track_1223081,81/1223081.mp3,acousticguitar
track_1223083,83/1223083.mp3,acousticguitar
track_1223086,86/1223086.mp3,acousticguitar
track_1223700,00/1223700.mp3,acousticguitar
track_1223933,33/1223933.mp3,acousticguitar
track_1223934,34/1223934.mp3,acousticguitar
track_1223941,41/1223941.mp3,acousticguitar
track_1223943,43/1223943.mp3,acousticguitar
track_1223944,44/1223944.mp3,acousticguitar
track_1223950,50/1223950.mp3,acousticguitar
track_1224660,60/1224660.mp3,acousticguitar
track_1224662,62/1224662.mp3,acousticguitar
track_1225160,60/1225160.mp3,drums
track_1225192,92/1225192.mp3,acousticguitar
track_1225290,90/1225290.mp3,acousticguitar
track_1225292,92/1225292.mp3,acousticguitar
track_1225293,93/1225293.mp3,acousticguitar
track_1225296,96/1225296.mp3,acousticguitar
track_1225307,07/1225307.mp3,acousticguitar
track_1225866,66/1225866.mp3,acousticguitar
track_1225956,56/1225956.mp3,acousticguitar
track_1225957,57/1225957.mp3,acousticguitar
track_1226206,06/1226206.mp3,acousticguitar
track_1226703,03/1226703.mp3,bass
track_1226704,04/1226704.mp3,electricguitar
track_1226797,97/1226797.mp3,electricguitar
track_1231676,76/1231676.mp3,electricguitar
track_1231697,97/1231697.mp3,electricguitar
track_1232339,39/1232339.mp3,acousticguitar
track_1232347,47/1232347.mp3,bass
track_1233734,34/1233734.mp3,bass
track_1233764,64/1233764.mp3,bass
track_1234244,44/1234244.mp3,electricguitar
track_1234249,49/1234249.mp3,acousticguitar
track_1234412,12/1234412.mp3,electricguitar
track_1234482,82/1234482.mp3,drums
track_1234483,83/1234483.mp3,drums
track_1234484,84/1234484.mp3,drums
track_1234485,85/1234485.mp3,drums
track_1234487,87/1234487.mp3,drums
track_1234489,89/1234489.mp3,drums
track_1234491,91/1234491.mp3,drums
track_1234493,93/1234493.mp3,drums
track_1235361,61/1235361.mp3,acousticguitar
track_1236047,47/1236047.mp3,drums
track_1236048,48/1236048.mp3,acousticguitar
track_1236052,52/1236052.mp3,acousticguitar
track_1236512,12/1236512.mp3,drums
track_1236513,13/1236513.mp3,drums
track_1236514,14/1236514.mp3,drums
track_1236516,16/1236516.mp3,drums
track_1236646,46/1236646.mp3,bass
track_1236647,47/1236647.mp3,bass
track_1236859,59/1236859.mp3,electricguitar
track_1236868,68/1236868.mp3,electricguitar
track_1236870,70/1236870.mp3,electricguitar
track_1236965,65/1236965.mp3,drums
track_1237057,57/1237057.mp3,bass
track_1237953,53/1237953.mp3,acousticguitar
track_1241537,37/1241537.mp3,bass
track_1241789,89/1241789.mp3,acousticguitar
track_1244465,65/1244465.mp3,bass
track_1244855,55/1244855.mp3,drums
track_1244872,72/1244872.mp3,electricguitar
track_1244946,46/1244946.mp3,acousticguitar
track_1245150,50/1245150.mp3,drums
track_1245890,90/1245890.mp3,bass
track_1245891,91/1245891.mp3,bass
track_1245902,02/1245902.mp3,bass
track_1246338,38/1246338.mp3,electricguitar
track_1248709,09/1248709.mp3,acousticguitar
track_1248727,27/1248727.mp3,acousticguitar
track_1248731,31/1248731.mp3,acousticguitar
track_1250203,03/1250203.mp3,electricguitar
track_1250208,08/1250208.mp3,acousticguitar
track_1251038,38/1251038.mp3,electricguitar
track_1251313,13/1251313.mp3,voice
track_1251435,35/1251435.mp3,bass
track_1251467,67/1251467.mp3,electricguitar
track_1251855,55/1251855.mp3,electricguitar
track_1251908,08/1251908.mp3,voice
track_1253145,45/1253145.mp3,acousticguitar
track_1253254,54/1253254.mp3,voice
track_1254541,41/1254541.mp3,drums
track_1254619,19/1254619.mp3,voice
track_1254634,34/1254634.mp3,electricguitar
track_1254636,36/1254636.mp3,electricguitar
track_1255912,12/1255912.mp3,bass
track_1256831,31/1256831.mp3,electricguitar
track_1257004,04/1257004.mp3,drums
track_1258187,87/1258187.mp3,drums
track_1265462,62/1265462.mp3,drums
track_1267777,77/1267777.mp3,acousticguitar
track_1268022,22/1268022.mp3,bass
track_1268058,58/1268058.mp3,bass
track_1268077,77/1268077.mp3,bass
track_1269811,11/1269811.mp3,drums
track_1269812,12/1269812.mp3,drums
track_1269813,13/1269813.mp3,electricguitar
track_1270035,35/1270035.mp3,electricguitar
track_1270596,96/1270596.mp3,electricguitar
track_1272096,96/1272096.mp3,drums
track_1273388,88/1273388.mp3,bass
track_1273396,96/1273396.mp3,bass
track_1276479,79/1276479.mp3,electricguitar
track_1276486,86/1276486.mp3,acousticguitar
track_1276505,05/1276505.mp3,electricguitar
track_1276508,08/1276508.mp3,electricguitar
track_1276513,13/1276513.mp3,electricguitar
track_1276567,67/1276567.mp3,electricguitar
track_1277799,99/1277799.mp3,electricguitar
track_1277807,07/1277807.mp3,electricguitar
track_1277817,17/1277817.mp3,bass
track_1278989,89/1278989.mp3,bass
track_1279223,23/1279223.mp3,bass
track_1279781,81/1279781.mp3,acousticguitar
track_1283032,32/1283032.mp3,drums
track_1283033,33/1283033.mp3,drums
track_1283035,35/1283035.mp3,drums
track_1284340,40/1284340.mp3,voice
track_1284732,32/1284732.mp3,bass
track_1284734,34/1284734.mp3,bass
track_1284737,37/1284737.mp3,bass
track_1284778,78/1284778.mp3,acousticguitar
track_1284782,82/1284782.mp3,drums
track_1284784,84/1284784.mp3,electricguitar
track_1286240,40/1286240.mp3,acousticguitar
track_1287088,88/1287088.mp3,bass
track_1287089,89/1287089.mp3,bass
track_1287090,90/1287090.mp3,bass
track_1287091,91/1287091.mp3,bass
track_1287092,92/1287092.mp3,bass
track_1287093,93/1287093.mp3,bass
track_1287754,54/1287754.mp3,drums
track_1287755,55/1287755.mp3,drums
track_1287756,56/1287756.mp3,drums
track_1288108,08/1288108.mp3,electricguitar
track_1288377,77/1288377.mp3,drums
track_1289369,69/1289369.mp3,electricguitar
track_1289370,70/1289370.mp3,electricguitar
track_1289372,72/1289372.mp3,electricguitar
track_1289378,78/1289378.mp3,electricguitar
track_1289381,81/1289381.mp3,electricguitar
track_1289382,82/1289382.mp3,electricguitar
track_1291949,49/1291949.mp3,acousticguitar
track_1293910,10/1293910.mp3,electricguitar
track_1294001,01/1294001.mp3,acousticguitar
track_1294004,04/1294004.mp3,acousticguitar
track_1294104,04/1294104.mp3,drums
track_1294115,15/1294115.mp3,bass
track_1294207,07/1294207.mp3,acousticguitar
track_1294827,27/1294827.mp3,acousticguitar
track_1294933,33/1294933.mp3,voice
track_1294938,38/1294938.mp3,voice
track_1294939,39/1294939.mp3,voice
track_1294943,43/1294943.mp3,voice
track_1295379,79/1295379.mp3,voice
track_1295411,11/1295411.mp3,electricguitar
track_1296365,65/1296365.mp3,electricguitar
track_1297067,67/1297067.mp3,drums
track_1297476,76/1297476.mp3,bass
track_1297477,77/1297477.mp3,bass
track_1297478,78/1297478.mp3,bass
track_1297479,79/1297479.mp3,bass
track_1297480,80/1297480.mp3,bass
track_1297481,81/1297481.mp3,bass
track_1297483,83/1297483.mp3,bass
track_1297484,84/1297484.mp3,bass
track_1297485,85/1297485.mp3,bass
track_1297494,94/1297494.mp3,bass
track_1300040,40/1300040.mp3,voice
track_1300050,50/1300050.mp3,voice
track_1300180,80/1300180.mp3,voice
track_1302995,95/1302995.mp3,electricguitar
track_1303000,00/1303000.mp3,electricguitar
track_1303077,77/1303077.mp3,bass
track_1303654,54/1303654.mp3,bass
track_1303969,69/1303969.mp3,bass
track_1304735,35/1304735.mp3,drums
track_1305116,16/1305116.mp3,bass
track_1305117,17/1305117.mp3,bass
track_1305118,18/1305118.mp3,bass
track_1305119,19/1305119.mp3,bass
track_1305120,20/1305120.mp3,bass
track_1305121,21/1305121.mp3,bass
track_1305122,22/1305122.mp3,bass
track_1305123,23/1305123.mp3,bass
track_1305124,24/1305124.mp3,bass
track_1305125,25/1305125.mp3,bass
track_1306024,24/1306024.mp3,drums
track_1306027,27/1306027.mp3,drums
track_1307481,81/1307481.mp3,drums
track_1307835,35/1307835.mp3,acousticguitar
track_1308616,16/1308616.mp3,bass
track_1308617,17/1308617.mp3,bass
track_1308618,18/1308618.mp3,bass
track_1308619,19/1308619.mp3,bass
track_1308620,20/1308620.mp3,bass
track_1308621,21/1308621.mp3,bass
track_1308622,22/1308622.mp3,bass
track_1308623,23/1308623.mp3,bass
track_1308624,24/1308624.mp3,bass
track_1309358,58/1309358.mp3,voice
track_1309470,70/1309470.mp3,bass
track_1309733,33/1309733.mp3,electricguitar
track_1310217,17/1310217.mp3,acousticguitar
track_1310235,35/1310235.mp3,acousticguitar
track_1312122,22/1312122.mp3,drums
track_1312246,46/1312246.mp3,acousticguitar
track_1312606,06/1312606.mp3,acousticguitar
track_1312860,60/1312860.mp3,drums
track_1312996,96/1312996.mp3,drums
track_1313457,57/1313457.mp3,bass
track_1314133,33/1314133.mp3,bass
track_1314304,04/1314304.mp3,bass
track_1315879,79/1315879.mp3,electricguitar
track_1316335,35/1316335.mp3,drums
track_1319239,39/1319239.mp3,electricguitar
track_1319530,30/1319530.mp3,bass
track_1319537,37/1319537.mp3,bass
track_1319859,59/1319859.mp3,bass
track_1320634,34/1320634.mp3,bass
track_1320938,38/1320938.mp3,drums
track_1321485,85/1321485.mp3,voice
track_1325386,86/1325386.mp3,voice
track_1326219,19/1326219.mp3,acousticguitar
track_1326527,27/1326527.mp3,electricguitar
track_1326529,29/1326529.mp3,acousticguitar
track_1326537,37/1326537.mp3,electricguitar
track_1326538,38/1326538.mp3,acousticguitar
track_1326691,91/1326691.mp3,drums
track_1326730,30/1326730.mp3,drums
track_1326735,35/1326735.mp3,drums
track_1326757,57/1326757.mp3,drums
track_1326806,06/1326806.mp3,drums
track_1326839,39/1326839.mp3,drums
track_1326841,41/1326841.mp3,drums
track_1326855,55/1326855.mp3,drums
track_1327741,41/1327741.mp3,drums
track_1328085,85/1328085.mp3,drums
track_1328101,01/1328101.mp3,drums
track_1328127,27/1328127.mp3,drums
track_1328131,31/1328131.mp3,drums
track_1328152,52/1328152.mp3,drums
track_1328470,70/1328470.mp3,acousticguitar
track_1328695,95/1328695.mp3,electricguitar
track_1329123,23/1329123.mp3,electricguitar
track_1329450,50/1329450.mp3,acousticguitar
track_1329456,56/1329456.mp3,acousticguitar
track_1329491,91/1329491.mp3,drums
track_1329825,25/1329825.mp3,electricguitar
track_1329828,28/1329828.mp3,electricguitar
track_1329931,31/1329931.mp3,acousticguitar
track_1329943,43/1329943.mp3,acousticguitar
track_1329944,44/1329944.mp3,acousticguitar
track_1329947,47/1329947.mp3,drums
track_1329948,48/1329948.mp3,acousticguitar
track_1334746,46/1334746.mp3,drums
track_1336288,88/1336288.mp3,bass
track_1336289,89/1336289.mp3,bass
track_1337390,90/1337390.mp3,bass
track_1338392,92/1338392.mp3,drums
track_1338394,94/1338394.mp3,drums
track_1339347,47/1339347.mp3,acousticguitar
track_1339348,48/1339348.mp3,acousticguitar
track_1339350,50/1339350.mp3,acousticguitar
track_1339384,84/1339384.mp3,acousticguitar
track_1339385,85/1339385.mp3,acousticguitar
track_1339481,81/1339481.mp3,electricguitar
track_1341457,57/1341457.mp3,bass
track_1345602,02/1345602.mp3,bass
track_1345990,90/1345990.mp3,acousticguitar
track_1347387,87/1347387.mp3,drums
track_1347390,90/1347390.mp3,drums
track_1348174,74/1348174.mp3,voice
track_1348178,78/1348178.mp3,drums
track_1348179,79/1348179.mp3,voice
track_1348729,29/1348729.mp3,bass
track_1349619,19/1349619.mp3,bass
track_1349623,23/1349623.mp3,drums
track_1349673,73/1349673.mp3,drums
track_1349709,09/1349709.mp3,drums
track_1351024,24/1351024.mp3,electricguitar
track_1352160,60/1352160.mp3,bass
track_1352161,61/1352161.mp3,bass
track_1352505,05/1352505.mp3,drums
track_1354436,36/1354436.mp3,drums
track_1355266,66/1355266.mp3,drums
track_1355267,67/1355267.mp3,bass
track_1355395,95/1355395.mp3,bass
track_1356320,20/1356320.mp3,drums
track_1357522,22/1357522.mp3,bass
track_1357523,23/1357523.mp3,bass
track_1357524,24/1357524.mp3,bass
track_1357525,25/1357525.mp3,bass
track_1357526,26/1357526.mp3,bass
track_1357527,27/1357527.mp3,bass
track_1357528,28/1357528.mp3,bass
track_1357529,29/1357529.mp3,bass
track_1357530,30/1357530.mp3,bass
track_1357531,31/1357531.mp3,bass
track_1357532,32/1357532.mp3,bass
track_1357533,33/1357533.mp3,bass
track_1357535,35/1357535.mp3,bass
track_1357536,36/1357536.mp3,bass
track_1358507,07/1358507.mp3,electricguitar
track_1358509,09/1358509.mp3,bass
track_1358542,42/1358542.mp3,electricguitar
track_1358543,43/1358543.mp3,electricguitar
track_1358544,44/1358544.mp3,electricguitar
track_1358687,87/1358687.mp3,drums
track_1359473,73/1359473.mp3,bass
track_1359474,74/1359474.mp3,bass
track_1359486,86/1359486.mp3,bass
track_1359884,84/1359884.mp3,bass
track_1360763,63/1360763.mp3,bass
track_1361334,34/1361334.mp3,drums
track_1361475,75/1361475.mp3,electricguitar
track_1363887,87/1363887.mp3,drums
track_1364457,57/1364457.mp3,electricguitar
track_1364462,62/1364462.mp3,electricguitar
track_1364465,65/1364465.mp3,electricguitar
track_1367882,82/1367882.mp3,electricguitar
track_1369350,50/1369350.mp3,acousticguitar
track_1369351,51/1369351.mp3,acousticguitar
track_1369686,86/1369686.mp3,bass
track_1370608,08/1370608.mp3,bass
track_1370609,09/1370609.mp3,bass
track_1370610,10/1370610.mp3,bass
track_1370611,11/1370611.mp3,bass
track_1370691,91/1370691.mp3,drums
track_1371535,35/1371535.mp3,drums
track_1371812,12/1371812.mp3,drums
track_1371813,13/1371813.mp3,drums
track_1372520,20/1372520.mp3,drums
track_1372867,67/1372867.mp3,acousticguitar
track_1372868,68/1372868.mp3,acousticguitar
track_1372869,69/1372869.mp3,acousticguitar
track_1372870,70/1372870.mp3,acousticguitar
track_1372871,71/1372871.mp3,acousticguitar
track_1372872,72/1372872.mp3,acousticguitar
track_1372873,73/1372873.mp3,acousticguitar
track_1372874,74/1372874.mp3,acousticguitar
track_1372875,75/1372875.mp3,acousticguitar
track_1372876,76/1372876.mp3,acousticguitar
track_1373063,63/1373063.mp3,drums
track_1374324,24/1374324.mp3,drums
track_1374328,28/1374328.mp3,bass
track_1379082,82/1379082.mp3,drums
track_1379084,84/1379084.mp3,drums
track_1379089,89/1379089.mp3,drums
track_1379124,24/1379124.mp3,bass
track_1380114,14/1380114.mp3,bass
track_1380115,15/1380115.mp3,bass
track_1380578,78/1380578.mp3,acousticguitar
track_1381343,43/1381343.mp3,electricguitar
track_1381350,50/1381350.mp3,electricguitar
track_1381353,53/1381353.mp3,electricguitar
track_1383742,42/1383742.mp3,bass
track_1384031,31/1384031.mp3,bass
track_1384033,33/1384033.mp3,voice
track_1384233,33/1384233.mp3,electricguitar
track_1384237,37/1384237.mp3,electricguitar
track_1384682,82/1384682.mp3,bass
track_1384684,84/1384684.mp3,bass
track_1384691,91/1384691.mp3,bass
track_1384753,53/1384753.mp3,bass
track_1384789,89/1384789.mp3,bass
track_1386744,44/1386744.mp3,electricguitar
track_1387381,81/1387381.mp3,drums
track_1387686,86/1387686.mp3,electricguitar
track_1387687,87/1387687.mp3,electricguitar
track_1387688,88/1387688.mp3,electricguitar
track_1388860,60/1388860.mp3,electricguitar
track_1388883,83/1388883.mp3,drums
track_1390345,45/1390345.mp3,electricguitar
track_1390461,61/1390461.mp3,bass
track_1391816,16/1391816.mp3,drums
track_1394752,52/1394752.mp3,electricguitar
track_1394753,53/1394753.mp3,electricguitar
track_1394755,55/1394755.mp3,electricguitar
track_1394762,62/1394762.mp3,electricguitar
track_1396204,04/1396204.mp3,drums
track_1396208,08/1396208.mp3,bass
track_1397212,12/1397212.mp3,drums
track_1399547,47/1399547.mp3,drums
track_1399625,25/1399625.mp3,drums
track_1400261,61/1400261.mp3,drums
track_1400797,97/1400797.mp3,drums
track_1402111,11/1402111.mp3,drums
track_1402848,48/1402848.mp3,drums
track_1403968,68/1403968.mp3,bass
track_1406276,76/1406276.mp3,drums
track_1407555,55/1407555.mp3,acousticguitar
track_1407657,57/1407657.mp3,acousticguitar
track_1408425,25/1408425.mp3,acousticguitar
track_1414764,64/1414764.mp3,electricguitar
track_1415497,97/1415497.mp3,bass
track_1416198,98/1416198.mp3,drums
track_1417008,08/1417008.mp3,acousticguitar
track_1417796,96/1417796.mp3,drums
track_1418009,09/1418009.mp3,drums
track_1418294,94/1418294.mp3,electricguitar
track_1418296,96/1418296.mp3,electricguitar
track_1419758,58/1419758.mp3,bass
track_1419773,73/1419773.mp3,bass
track_1419774,74/1419774.mp3,bass
track_1420651,51/1420651.mp3,bass
